"filename","type","name","set","price","back_filename"
"img757.jpg","graded","Dragonite V #192/203 - CGC 10","Evolving Skies","750",""
"img740.jpg","graded","Dragonite #149 - PSA 9 - Graded","Game Boy Promo","800",""
"img758.jpg","graded","Gyarados Delta #024/052 - PSA 8","EX Holon Phantoms","190",""
"img760.jpg","graded","Mega Zygarde ex #117/080 - PSA 8","Mega Ultra Rare","140",""
"singles_2268.jpg","singles","Mega Dragonite ex #290 - Near Mint","Ascended Heroes","675","singles_2269.jpg"
"singles_2272.jpg","singles","Ninetales #13 - Lightly Played","Base Set 2","20","singles_2273.jpg"
"singles_2274.jpg","singles","Umbreon (Noctali) #22 - French - Reverse Holofoil - Lightly Played","Call of Legends","75","singles_2275.jpg"
"singles_2276.jpg","singles","Mega Floette ex #101 - Near Mint","Chaos Rising","4","singles_2277.jpg"
"singles_2278.jpg","singles","Frogadier #89 - Near Mint","Chaos Rising","7","singles_2279.jpg"
"singles_2280.jpg","singles","Tauros #96 - Near Mint","Chaos Rising","3","singles_2281.jpg"
"singles_2282.jpg","singles","Tauros #96 - Near Mint","Chaos Rising","3","singles_2283.jpg"
"singles_2284.jpg","singles","Lapras-GX #35 - Lightly Played","Sun & Moon","3","singles_2285.jpg"
"singles_2286.jpg","singles","Alolan Golem-GX #34 - Near Mint","Crimson Invasion","3","singles_2287.jpg"
"singles_2288.jpg","singles","Incineroar-GX #97 - Near Mint","Team Up","3","singles_2289.jpg"
"singles_2290.jpg","singles","Salazzle-GX #25 - Near Mint","Burning Shadows","2","singles_2291.jpg"
"singles_2292.jpg","singles","Salazzle-GX #SM63 - Near Mint","SM Black Star Promos","3","singles_2293.jpg"
"singles_2294.jpg","singles","Alolan Persian-GX #129 - Near Mint","Cosmic Eclipse","3","singles_2295.jpg"
"singles_2296.jpg","singles","Carracosta-GX #SM239 - Near Mint","SM Black Star Promos","2","singles_2297.jpg"
"singles_2300.jpg","singles","Alolan Muk-GX #84 - Lightly Played","Burning Shadows","2","singles_2301.jpg"
"singles_2304.jpg","singles","Kartana-GX #70 - Near Mint","Crimson Invasion","3","singles_2305.jpg"
"singles_2306.jpg","singles","Golisopod-GX #SM62 - Near Mint","SM Black Star Promos","2","singles_2307.jpg"
"singles_2308.jpg","singles","Cinderace #SV017 - Near Mint","Shining Fates Shiny Vault","7","singles_2309.jpg"
"singles_2310.jpg","singles","Rillaboom #SV006 - Near Mint","Shining Fates Shiny Vault","3","singles_2311.jpg"
"singles_2312.jpg","singles","Arrokuda #SV031 - Near Mint","Shining Fates Shiny Vault","2","singles_2313.jpg"
"singles_2314.jpg","singles","Gallade V #181 - Near Mint","Lost Origin","3","singles_2315.jpg"
"singles_2316.jpg","singles","Hisuian Zoroark V #SWSH297 - Near Mint","SWSH Black Star Promos","2","singles_2317.jpg"
"singles_2318.jpg","singles","Hisuian Zoroark V #SWSH297 - Near Mint","SWSH Black Star Promos","2","singles_2319.jpg"
"singles_2320.jpg","singles","Honchkrow V #161 - Near Mint","Brilliant Stars","2","singles_2321.jpg"
"singles_2322.jpg","singles","Honchkrow V #161 - Near Mint","Brilliant Stars","2","singles_2323.jpg"
"singles_2324.jpg","singles","Vikavolt V #180 - Near Mint","Darkness Ablaze","2","singles_2325.jpg"
"singles_2326.jpg","singles","Eternatus V #SWSH044 - Near Mint","SWSH Black Star Promos","3","singles_2327.jpg"
"singles_2328.jpg","singles","Stonjourner V #193 - Near Mint","Sword & Shield","3","singles_2329.jpg"
"singles_2330.jpg","singles","Kleavor V #SWSH248 - Near Mint","SWSH Black Star Promos","1","singles_2331.jpg"
"singles_2332.jpg","singles","Sandaconda V #175 - Near Mint","Chilling Reign","2","singles_2333.jpg"
"singles_2334.jpg","singles","Grapploct V #72 - Near Mint","Champion's Path","2","singles_2335.jpg"
"singles_2336.jpg","singles","Eldegoss V #176 - Near Mint","Rebel Clash","3","singles_2337.jpg"
"singles_2338.jpg","singles","Toxtricity V #SV112 - Near Mint","Shining Fates Shiny Vault","2","singles_2339.jpg"
"singles_2340.jpg","singles","Toxtricity V #SV112 - Near Mint","Shining Fates Shiny Vault","2","singles_2341.jpg"
"singles_2342.jpg","singles","Cramorant V #SWSH086 - Near Mint","SWSH Black Star Promos","1","singles_2343.jpg"
"singles_2344.jpg","singles","Eldegoss V #SWSH084 - Near Mint","SWSH Black Star Promos","1","singles_2345.jpg"
"singles_2346.jpg","singles","Gourgeist ex #102 - Near Mint","Chaos Rising","2","singles_2347.jpg"
"singles_2348.jpg","singles","Cinccino ex #105 - Near Mint","Chaos Rising","5","singles_2349.jpg"
"singles_2350.jpg","singles","Cinderace ex #157 - Near Mint","Stellar Crown","4","singles_2351.jpg"
"singles_2352.jpg","singles","Alolan Exeggutor ex #225 - Near Mint","Surging Sparks","2","singles_2353.jpg"
"singles_2354.jpg","singles","Alolan Exeggutor ex #225 - Near Mint","Surging Sparks","2","singles_2355.jpg"
"singles_2356.jpg","singles","Cyclizar ex #228 - Near Mint","Surging Sparks","3","singles_2357.jpg"
"singles_2358.jpg","singles","Forretress ex #230 - Near Mint","Paldea Evolved","2","singles_2359.jpg"
"singles_2360.jpg","singles","Palossand ex #221 - Near Mint","Surging Sparks","2","singles_2361.jpg"
"singles_2362.jpg","singles","Eiscue ex #210 - Near Mint","Obsidian Flames","2","singles_2363.jpg"
"singles_2364.jpg","singles","Vespiquen ex #212 - Near Mint","Obsidian Flames","2","singles_2365.jpg"
"singles_2366.jpg","singles","Galarian Slowking VMAX #100 - Near Mint","Chilling Reign","2","singles_2367.jpg"
"singles_2368.jpg","singles","Galarian Slowking VMAX #100 - Near Mint","Chilling Reign","2","singles_2369.jpg"
"singles_2370.jpg","singles","Morpeko VMAX #80 - Near Mint","Sword & Shield","4","singles_2371.jpg"
"singles_2372.jpg","singles","Morpeko VMAX #38 - Near Mint","Shining Fates","3","singles_2373.jpg"
"singles_2374.jpg","singles","Crobat VMAX #45 - Near Mint","Shining Fates","2","singles_2375.jpg"
"singles_2376.jpg","singles","Victini VMAX #22 - Near Mint","Battle Styles","3","singles_2377.jpg"
"singles_2378.jpg","singles","Single Strike Urshifu VMAX #86 - Near Mint","Battle Styles","2","singles_2379.jpg"
"singles_2380.jpg","singles","Ditto VMAX #51 - Near Mint","Shining Fates","5","singles_2381.jpg"
"singles_2382.jpg","singles","Cinderace VMAX #19 - Near Mint","Shining Fates","2","singles_2383.jpg"
"singles_2384.jpg","singles","Rillaboom VMAX #18 - Near Mint","Rebel Clash","2","singles_2385.jpg"
"singles_2386.jpg","singles","Tapu Koko VMAX #51 - Near Mint","Battle Styles","2","singles_2387.jpg"
"singles_2388.jpg","singles","Eternatus VMAX #SWSH045 - Near Mint","SWSH Black Star Promos","3","singles_2389.jpg"
"singles_2390.jpg","singles","Melmetal VMAX #48 - Near Mint","Pokémon GO","2","singles_2391.jpg"
"singles_2392.jpg","singles","Orbeetle VMAX #21 - Near Mint","Vivid Voltage","2","singles_2393.jpg"
"singles_2394.jpg","singles","Anthea & Concordia #254 - Near Mint","Ascended Heroes","2","singles_2395.jpg"
"singles_2396.jpg","singles","Cheren #258 - Near Mint","Ascended Heroes","1","singles_2397.jpg"
"img741.jpg","graded","Pikachu VMAX #188/185 - PSA 10","Vivid Voltage","375",""
"img742.jpg","graded","Moltres & Zapdos & Articuno GX #SM210 - TAG 9","Hidden Fates","170",""
"img745.jpg","graded","Aerodactyl - 1st Edition #1/62 - PSA 4","Fossil","50",""
"img747.jpg","graded","Mr. Mime - 1st Edition #6/64 - PSA 5","Jungle Set","40",""
"img748.jpg","graded","Muk - 1st Edition #13/62 - PSA 4","Fossil","25",""
"img753.jpg","graded","Dark Gyarados - 1st Edition #25/82 - PSA 6","Team Rocket","40",""
"img754.jpg","graded","Dark Vileplume - 1st Edition #30/82 - PSA 6","Team Rocket","20",""
"img755.jpg","graded","Dark Vileplume - 1st Edition #30/82 - PSA 5","Team Rocket","18",""
"img756.jpg","graded","Dark Weezing - 1st Edition #31/82 - PSA 5","Team Rocket","18",""
"singles_2264.jpg","singles","Mega Chandelure ex #115 - Near Mint","Pitch Black","52","singles_2265.jpg"
"singles_2266.jpg","singles","Mega Chandelure ex #115 - Near Mint","Pitch Black","52","singles_2267.jpg"
"singles_2258.jpg","singles","Mega Darkrai ex #101 - Near Mint","Pitch Black","13","singles_2259.jpg"
"singles_2234.jpg","singles","Pikachu #TG05 - Near Mint","Lost Origin Trainer Gallery","50","singles_2235.jpg"
"singles_2208.jpg","singles","Mega Dragonite ex #250/193 - Chinese - Near Mint","","175","singles_2209.jpg"
"singles_2212.jpg","singles","Mega Dragonite ex #246/193 - Chinese - Near Mint","Mega Dream","160","singles_2213.jpg"
"singles_2214.jpg","singles","Mega Dragonite ex #246/193 - Chinese - Near Mint","Mega Dream","160","singles_2215.jpg"
"singles_2216.jpg","singles","Pikachu #081/S-P - Chinese - Near Mint","Lunar New Years","60","singles_2217.jpg"
"singles_2218.jpg","singles","Giratina #058/173 - Japanese - Near Mint","Tag Team All Stars GX","13","singles_2219.jpg"
"singles_2220.jpg","singles","Zeraora GX #051/173 - Japanese - Near Mint","Tag Team All Stars GX","2","singles_2221.jpg"
"img715.jpg","graded","Mega Charizard X ex #223/193 - PSA 10","Mega Dream","120",""
"img714.jpg","graded","Mega Gengar ex #230/193 - PSA 10","Mega Dream","100",""
"img713.jpg","graded","Pikachu ex #001/030 - PSA 10","World Championship 2023","750",""
"img717.jpg","graded","Eevee #BW94 - BGS 9","BW Promos","750",""
"img718.jpg","graded","Greninja ex #132 - BGS 8","SV Promos","100",""
"img720.jpg","graded","Hypno #No. 097 - BGS 9","Fossil","70",""
"img724.jpg","graded","Electrode #2/64 - PSA 7","Jungle Set","35",""
"img725.jpg","graded","Electrode #2/64 - PSA 6","Jungle Set","25",""
"img727.jpg","graded","Electrode #2/64 - PSA 3","Jungle Set","15",""
"img728.jpg","graded","Sabrina's Mr. Mime #No. 122 - PSA 10","Gym 2","200",""
"img729.jpg","graded","Mr. Mime ex #053/082 - PSA 8","Flight of Legends","60",""
"img730.jpg","graded","Mr. Mime #No. 122 - PSA 8","Jungle Set","45",""
"img731.jpg","graded","Sabrina's Mr. Mime 1st Edition #59/132 - PSA 9","Gym Challenge","35",""
"img732.jpg","graded","Mr. Mime #FILE No. 122 - PSA 7","Carddass","30",""
"img733.jpg","graded","Mr. Mime #122 - PSA 6","Scratch Cards","30",""
"img734.jpg","graded","Mr. Mime #122 - PSA 6","Carddass Vending","25",""
"img735.jpg","graded","Mr. Mime #122 - PSA 8","Carddass Vending","50",""
"img737.jpg","graded","Mr. Mime #122 - PSA 8","Topps TV Animation","25",""
"img738.jpg","graded","Mr. Mime #146 - PSA 9","Carddass Vending","30",""
"singles_1982.jpg","singles","Light Ninetales #50 - Lightly Played","Neo Destiny","20","singles_1983.jpg"
"singles_1984.jpg","singles","Light Flareon #46 - Lightly Played","Neo Destiny","25","singles_1985.jpg"
"singles_2002.jpg","singles","Pikachu #70 - Damaged","Neo Genesis","2","singles_2003.jpg"
"singles_2004.jpg","singles","Pikachu #60 - Moderately Played","Jungle","1","singles_2005.jpg"
"singles_2006.jpg","singles","Pikachu #TG05 - Near Mint","Lost Origin Trainer Gallery","55","singles_2007.jpg"
"singles_2008.jpg","singles","Dedenne #TG07 - Near Mint","Brilliant Stars Trainer Gallery","8","singles_2009.jpg"
"singles_2010.jpg","singles","Spiritomb #TG09 - Near Mint","Lost Origin Trainer Gallery","3","singles_2011.jpg"
"singles_2012.jpg","singles","Starmie #119 - Near Mint","Paldean Fates","9","singles_2013.jpg"
"singles_2014.jpg","singles","Torchic #73 - Reverse Holofoil - Lightly Played","Ruby & Sapphire","12","singles_2015.jpg"
"singles_2026.jpg","singles","Koffing #114 - Near Mint","Expedition Base Set","5","singles_2027.jpg"
"singles_2028.jpg","singles","Koffing #114 - Lightly Played","Expedition Base Set","3","singles_2029.jpg"
"singles_2034.jpg","singles","Voltorb #115 - Moderately Played","Aquapolis","3","singles_2035.jpg"
"singles_2038.jpg","singles","Poliwag #125 - Near Mint","Expedition Base Set","15","singles_2039.jpg"
"singles_2040.jpg","singles","Krabby #115 - Near Mint","Expedition Base Set","3","singles_2041.jpg"
"singles_2042.jpg","singles","Goldeen #111 - Near Mint","Expedition Base Set","3","singles_2043.jpg"
"singles_2044.jpg","singles","Numel #69 - Near Mint","Dragon","1","singles_2045.jpg"
"singles_2046.jpg","singles","Numel #69 - Near Mint","Dragon","1","singles_2047.jpg"
"singles_2050.jpg","singles","Power Charge #147 - Lightly Played","Expedition Base Set","1","singles_2051.jpg"
"singles_2052.jpg","singles","Energy Search #153 - Lightly Played","Expedition Base Set","1","singles_2053.jpg"
"singles_2054.jpg","singles","Full Heal #154 - Near Mint","Expedition Base Set","1","singles_2055.jpg"
"singles_2056.jpg","singles","Potion #156 - Lightly Played","Expedition Base Set","1","singles_2057.jpg"
"singles_2064.jpg","singles","Light Dewgong #45 - Lightly Played","Neo Destiny","3","singles_2065.jpg"
"singles_2066.jpg","singles","Light Lanturn #23 - Near Mint","Neo Destiny","10","singles_2067.jpg"
"singles_2068.jpg","singles","Light Sunflora #72 - Damaged","Neo Destiny","1","singles_2069.jpg"
"singles_2070.jpg","singles","Dark Ariados #17 - Moderately Played","Neo Destiny","4","singles_2071.jpg"
"singles_2072.jpg","singles","Dark Octillery #62 - Lightly Played","Neo Destiny","2","singles_2073.jpg"
"singles_2074.jpg","singles","Sabrina's Slowbro #60 - Moderately Played","Gym Heroes","3","singles_2075.jpg"
"singles_2076.jpg","singles","Misty's Psyduck #54 - Lightly Played","Gym Heroes","4","singles_2077.jpg"
"singles_2078.jpg","singles","Haunter #46 - Near Mint","Legendary Collection","7","singles_2079.jpg"
"singles_2080.jpg","singles","Hypno #25 - Lightly Played","Legendary Collection","3","singles_2081.jpg"
"singles_2082.jpg","singles","Magneton #28 - Near Mint","Legendary Collection","4","singles_2083.jpg"
"singles_2084.jpg","singles","Pikachu #86 - Near Mint","Legendary Collection","7","singles_2085.jpg"
"singles_2086.jpg","singles","Eevee #74 - Near Mint","Legendary Collection","5","singles_2087.jpg"
"singles_2088.jpg","singles","Dratini #72 - Lightly Played","Legendary Collection","1","singles_2089.jpg"
"singles_2090.jpg","singles","Brock's Onix #69 - 1st Edition - Near Mint","Gym Heroes","6","singles_2091.jpg"
"singles_2092.jpg","singles","Blaine's Growlithe #35 - 1st Edition - Near Mint","Gym Heroes","20","singles_2093.jpg"
"singles_2094.jpg","singles","Misty's Horsea #86 - 1st Edition - Lightly Played","Gym Heroes","2","singles_2095.jpg"
"singles_2100.jpg","singles","Pokémon Tower #42 - Near Mint","Wizards Black Star Promos","15","singles_2101.jpg"
"singles_2102.jpg","singles","Pikachu V-UNION #SWSH139 - Near Mint","SWSH Black Star Promos","8","singles_2103.jpg"
"singles_2110.jpg","singles","Sonia #203 - Near Mint","Rebel Clash","14","singles_2111.jpg"
"singles_2112.jpg","singles","Kamado #205 - Near Mint","Astral Radiance","5","singles_2113.jpg"
"singles_2114.jpg","singles","Adaman #199 - Near Mint","Astral Radiance","6","singles_2115.jpg"
"singles_2116.jpg","singles","Marnie's Pride #171 - Near Mint","Brilliant Stars","12","singles_2117.jpg"
"singles_2118.jpg","singles","Professor's Research (Professor Oak) #24 - Near Mint","Celebrations","2","singles_2119.jpg"
"singles_2120.jpg","singles","Judge #228 - Near Mint","Paldean Fates","2","singles_2121.jpg"
"singles_2122.jpg","singles","Barry #167 - Near Mint","Brilliant Stars","2","singles_2123.jpg"
"singles_2124.jpg","singles","Drayton #232 - Near Mint","Surging Sparks","2","singles_2125.jpg"
"singles_2128.jpg","singles","Radiant Greninja #46 - Near Mint","Astral Radiance","5","singles_2129.jpg"
"singles_2130.jpg","singles","Kyogre #21 - Near Mint","Shining Fates","4","singles_2131.jpg"
"singles_2132.jpg","singles","Claydol #15 - Near Mint","Celebrations: Classic Collection","1","singles_2133.jpg"
"singles_2136.jpg","singles","Light Toxtricity #SWSH137 - Near Mint","SWSH Black Star Promos","6","singles_2137.jpg"
"singles_2138.jpg","singles","Dark Sylveon V #SWSH134 - Near Mint","SWSH Black Star Promos","8","singles_2139.jpg"
"singles_2144.jpg","singles","Pikachu V #SWSH061 - Near Mint","SWSH Black Star Promos","2","singles_2145.jpg"
"singles_2146.jpg","singles","Pikachu V #SWSH061 - Near Mint","SWSH Black Star Promos","2","singles_2147.jpg"
"singles_2148.jpg","singles","Regieleki V #SWSH280 - Near Mint","SWSH Black Star Promos","1","singles_2149.jpg"
"singles_2150.jpg","singles","Regieleki V #SWSH280 - Near Mint","SWSH Black Star Promos","1","singles_2151.jpg"
"singles_2152.jpg","singles","Grimmsnarl V #SWSH057 - Near Mint","SWSH Black Star Promos","1","singles_2153.jpg"
"singles_2154.jpg","singles","Regidrago V #SWSH281 - Near Mint","SWSH Black Star Promos","1","singles_2155.jpg"
"singles_2156.jpg","singles","Virizion V #SWSH295 - Near Mint","SWSH Black Star Promos","1","singles_2157.jpg"
"singles_2158.jpg","singles","Morpeko V #SWSH056 - Near Mint","SWSH Black Star Promos","2","singles_2159.jpg"
"singles_2160.jpg","singles","Infernape V #SWSH252 - Near Mint","SWSH Black Star Promos","2","singles_2161.jpg"
"singles_2162.jpg","singles","Ice Rider Calyrex V #SWSH130 - Near Mint","SWSH Black Star Promos","1","singles_2163.jpg"
"singles_2164.jpg","singles","Zamazenta V #SWSH019 - Near Mint","SWSH Black Star Promos","1","singles_2165.jpg"
"singles_2166.jpg","singles","Zacian V #SWSH018 - Near Mint","SWSH Black Star Promos","1","singles_2167.jpg"
"singles_2168.jpg","singles","Alolan Exeggutor V #SWSH225 - Near Mint","SWSH Black Star Promos","1","singles_2169.jpg"
"singles_2170.jpg","singles","Hisuian Typhlosion V #169 - Near Mint","Astral Radiance","5","singles_2171.jpg"
"singles_2172.jpg","singles","Hisuian Sneasler V #174 - Near Mint","Astral Radiance","6","singles_2173.jpg"
"singles_2174.jpg","singles","Hisuian Samurott V #176 - Near Mint","Astral Radiance","3","singles_2175.jpg"
"singles_2176.jpg","singles","Toxicroak ex #232 - Near Mint","Scarlet & Violet","2","singles_2177.jpg"
"singles_2178.jpg","singles","Toxtricity V #SV112 - Near Mint","Shining Fates Shiny Vault","2","singles_2179.jpg"
"singles_2180.jpg","singles","Carbink BREAK #51 - Near Mint","Fates Collide","3","singles_2181.jpg"
"singles_2182.jpg","singles","Altaria #74 - Heavily Played","Roaring Skies","1","singles_2183.jpg"
"singles_2184.jpg","singles","Surfing Pikachu V #8 - Near Mint","Celebrations","5","singles_2185.jpg"
"singles_2186.jpg","singles","Pikachu #28 - Near Mint","Shining Legends","12","singles_2187.jpg"
"singles_2188.jpg","singles","Electrike #7 - Lightly Played","McDonald's Collection 2015","2","singles_2189.jpg"
"singles_2190.jpg","singles","Servine #1 - Near Mint","McDonald's Collection 2012","10","singles_2191.jpg"
"singles_2192.jpg","singles","Maractus #2 - Near Mint","McDonald's Collection 2011","6","singles_2193.jpg"
"singles_2194.jpg","singles","Hydreigon C #SWSH138 - Near Mint","SWSH Black Star Promos","1","singles_2195.jpg"
"singles_2196.jpg","singles","Charmander #SWSH232 - Near Mint","SWSH Black Star Promos","15","singles_2197.jpg"
"singles_2198.jpg","singles","Vikavolt #SM208 - Near Mint","SM Black Star Promos","1","singles_2199.jpg"
"singles_2200.jpg","singles","Eevee #SWSH190 - Near Mint","SWSH Black Star Promos","5","singles_2201.jpg"
"singles_2202.jpg","singles","Togetic #SWSH276 - Near Mint","SWSH Black Star Promos","2","singles_2203.jpg"
"singles_2204.jpg","singles","Manaphy #SWSH275 - Near Mint","SWSH Black Star Promos","2","singles_2205.jpg"
"singles_1820.jpg","singles","Rayquaza V #193 - Near Mint","Evolving Skies","85","singles_1821.jpg"
"singles_1824.jpg","singles","Gengar VMAX #157 - Near Mint","Fusion Strike","50","singles_1825.jpg"
"singles_1826.jpg","singles","Charmander #109 - Near Mint","Paldean Fates","60","singles_1827.jpg"
"singles_1828.jpg","singles","Charmeleon #110 - Near Mint","Paldean Fates","18","singles_1829.jpg"
"singles_1830.jpg","singles","Greninja V-UNION #SWSH155 - Near Mint","SWSH Black Star Promos","6","singles_1831.jpg"
"singles_1832.jpg","singles","Greninja V-UNION #SWSH156 - Near Mint","SWSH Black Star Promos","8","singles_1833.jpg"
"singles_1834.jpg","singles","Greninja V-UNION #SWSH157 - Near Mint","SWSH Black Star Promos","12","singles_1835.jpg"
"singles_1836.jpg","singles","Greninja V-UNION #SWSH158 - Near Mint","SWSH Black Star Promos","9","singles_1837.jpg"
"singles_1838.jpg","singles","Swablu #213 - Near Mint","Paradox Rift","30","singles_1839.jpg"
"singles_1840.jpg","singles","Sudowoodo #219 - Near Mint","Paldea Evolved","32","singles_1841.jpg"
"singles_1842.jpg","singles","Iron Jugulis #216 - Near Mint","Paradox Rift","12","singles_1843.jpg"
"singles_1844.jpg","singles","Floragato #197 - Near Mint","Paldea Evolved","22","singles_1845.jpg"
"singles_1846.jpg","singles","Frigibax #208 - Near Mint","Paldea Evolved","25","singles_1847.jpg"
"singles_1848.jpg","singles","Spheal #199 - Near Mint","Surging Sparks","11","singles_1849.jpg"
"singles_1854.jpg","singles","Gulpin #154 - Near Mint","Stellar Crown","14","singles_1855.jpg"
"singles_1856.jpg","singles","Slakoth #212 - Near Mint","Surging Sparks","14","singles_1857.jpg"
"singles_1858.jpg","singles","Joltik #150 - Near Mint","Stellar Crown","8","singles_1859.jpg"
"singles_1860.jpg","singles","Vibrava #206 - Near Mint","Surging Sparks","4","singles_1861.jpg"
"singles_1862.jpg","singles","Snorunt #188 - Near Mint","Paradox Rift","11","singles_1863.jpg"
"singles_1864.jpg","singles","Exeggcute #192 - Near Mint","Surging Sparks","9","singles_1865.jpg"
"singles_1866.jpg","singles","Paldean Wooper #221 - Near Mint","Paldea Evolved","15","singles_1867.jpg"
"singles_1868.jpg","singles","Heliolisk #177 - Near Mint","Twilight Masquerade","5","singles_1869.jpg"
"singles_1870.jpg","singles","Lileep #145 - Near Mint","Stellar Crown","9","singles_1871.jpg"
"singles_1872.jpg","singles","Dolliv #200 - Near Mint","Scarlet & Violet","7","singles_1873.jpg"
"singles_1874.jpg","singles","Wattrel #178 - Near Mint","Twilight Masquerade","5","singles_1875.jpg"
"singles_1876.jpg","singles","Cetitan #201 - Near Mint","Surging Sparks","3","singles_1877.jpg"
"singles_1878.jpg","singles","Cetitan #201 - Near Mint","Surging Sparks","3","singles_1879.jpg"
"singles_1880.jpg","singles","Cutiefly #172 - Near Mint","Temporal Forces","9","singles_1881.jpg"
"singles_1882.jpg","singles","Crabominable #149 - Near Mint","Stellar Crown","3","singles_1883.jpg"
"singles_1884.jpg","singles","Ledian #144 - Near Mint","Stellar Crown","7","singles_1885.jpg"
"singles_1886.jpg","singles","Milcery #152 - Near Mint","Stellar Crown","19","singles_1887.jpg"
"singles_1888.jpg","singles","Appletun #211 - Near Mint","Surging Sparks","8","singles_1889.jpg"
"singles_1890.jpg","singles","Stunfisk #202 - Near Mint","Surging Sparks","3","singles_1891.jpg"
"singles_1892.jpg","singles","Poltchageist #171 - Near Mint","Twilight Masquerade","6","singles_1893.jpg"
"singles_1894.jpg","singles","Wugtrio #224 - Near Mint","Paldean Fates","3","singles_1895.jpg"
"singles_1896.jpg","singles","Varoom #206 - Near Mint","Obsidian Flames","3","singles_1897.jpg"
"singles_1900.jpg","singles","Meowth VMAX #SWSH005 - Near Mint","SWSH Black Star Promos","12","singles_1901.jpg"
"singles_1904.jpg","singles","Dedenne ex #239 - Near Mint","Paldea Evolved","15","singles_1905.jpg"
"singles_1906.jpg","singles","Alcremie V #64 - Near Mint","Shining Fates","7","singles_1907.jpg"
"singles_1908.jpg","singles","Oddish #92 - Near Mint","Paldean Fates","13","singles_1909.jpg"
"singles_1910.jpg","singles","Altaria #TG11 - Near Mint","Silver Tempest Trainer Gallery","7","singles_1911.jpg"
"singles_1914.jpg","singles","Altaria #GG19 - Near Mint","Crown Zenith Galarian Gallery","16","singles_1915.jpg"
"singles_1916.jpg","singles","Altaria #GG19 - Near Mint","Crown Zenith Galarian Gallery","16","singles_1917.jpg"
"singles_1918.jpg","singles","Altaria #GG19 - Near Mint","Crown Zenith Galarian Gallery","16","singles_1919.jpg"
"singles_1920.jpg","singles","Gardevoir #TG05 - Near Mint","Silver Tempest Trainer Gallery","8","singles_1921.jpg"
"singles_1922.jpg","singles","Lapras #GG05 - Near Mint","Crown Zenith Galarian Gallery","30","singles_1923.jpg"
"singles_1924.jpg","singles","Turtwig #GG31 - Near Mint","Crown Zenith Galarian Gallery","12","singles_1925.jpg"
"singles_1926.jpg","singles","Turtwig #GG31 - Near Mint","Crown Zenith Galarian Gallery","12","singles_1927.jpg"
"singles_1928.jpg","singles","Flaaffy #TG03 - Near Mint","Silver Tempest Trainer Gallery","6","singles_1929.jpg"
"singles_1930.jpg","singles","Duskull #GG28 - Near Mint","Crown Zenith Galarian Gallery","6","singles_1931.jpg"
"singles_1932.jpg","singles","Duskull #GG28 - Near Mint","Crown Zenith Galarian Gallery","6","singles_1933.jpg"
"singles_1934.jpg","singles","Poochyena #GG33 - Near Mint","Crown Zenith Galarian Gallery","6","singles_1935.jpg"
"singles_1936.jpg","singles","Miltank #GG24 - Near Mint","Crown Zenith Galarian Gallery","14","singles_1937.jpg"
"singles_1938.jpg","singles","Miltank #GG24 - Near Mint","Crown Zenith Galarian Gallery","14","singles_1939.jpg"
"singles_1940.jpg","singles","Miltank #GG24 - Near Mint","Crown Zenith Galarian Gallery","14","singles_1941.jpg"
"singles_1942.jpg","singles","Bidoof #GG29 - Near Mint","Crown Zenith Galarian Gallery","7","singles_1943.jpg"
"singles_1944.jpg","singles","Spiritomb #TG09 - Near Mint","Lost Origin Trainer Gallery","3","singles_1945.jpg"
"singles_1946.jpg","singles","Smeargle #TG10 - Near Mint","Silver Tempest Trainer Gallery","5","singles_1947.jpg"
"singles_1948.jpg","singles","Dunsparce #GG23 - Near Mint","Crown Zenith Galarian Gallery","4","singles_1949.jpg"
"singles_1950.jpg","singles","Hisuian Voltorb #GG01 - Near Mint","Crown Zenith Galarian Gallery","3","singles_1951.jpg"
"singles_1952.jpg","singles","Hisuian Voltorb #GG01 - Near Mint","Crown Zenith Galarian Gallery","3","singles_1953.jpg"
"singles_1954.jpg","singles","Kricketune #GG02 - Near Mint","Crown Zenith Galarian Gallery","8","singles_1955.jpg"
"singles_1956.jpg","singles","Parasect #TG01 - Near Mint","Lost Origin Trainer Gallery","4","singles_1957.jpg"
"singles_1958.jpg","singles","Paras #GG32 - Near Mint","Crown Zenith Galarian Gallery","9","singles_1959.jpg"
"singles_1960.jpg","singles","Paras #GG32 - Near Mint","Crown Zenith Galarian Gallery","9","singles_1961.jpg"
"singles_1962.jpg","singles","Jynx #TG04 - Near Mint","Silver Tempest Trainer Gallery","3","singles_1963.jpg"
"singles_1964.jpg","singles","Thievul #GG17 - Near Mint","Crown Zenith Galarian Gallery","3","singles_1965.jpg"
"singles_1966.jpg","singles","Thievul #GG17 - Near Mint","Crown Zenith Galarian Gallery","3","singles_1967.jpg"
"singles_1968.jpg","singles","Malamar #TG06 - Near Mint","Silver Tempest Trainer Gallery","2","singles_1969.jpg"
"singles_1970.jpg","singles","Oricorio #GG04 - Near Mint","Crown Zenith Galarian Gallery","4","singles_1971.jpg"
"singles_1972.jpg","singles","Oricorio #GG04 - Near Mint","Crown Zenith Galarian Gallery","4","singles_1973.jpg"
"singles_1974.jpg","singles","Oricorio #GG04 - Near Mint","Crown Zenith Galarian Gallery","4","singles_1975.jpg"
"singles_1976.jpg","singles","Wyrdeer #TG06 - Near Mint","Astral Radiance Trainer Gallery","3","singles_1977.jpg"
"singles_1978.jpg","singles","Castform #TG11 - Near Mint","Lost Origin Trainer Gallery","3","singles_1979.jpg"
"singles_1792.jpg","singles","Milotic ex #237 - Near Mint","Surging Sparks","140","singles_1793.jpg"
"singles_1796.jpg","singles","Iris's Fighting Spirit #292 - Near Mint","Ascended Heroes","38","singles_1797.jpg"
"singles_1802.jpg","singles","Ditto #GG22 - Near Mint","Crown Zenith Galarian Gallery","22","singles_1803.jpg"
"singles_1814.jpg","singles","Cynthia's Spiritomb #244 - Near Mint","Ascended Heroes","12","singles_1815.jpg"
"singles_1816.jpg","singles","Wailord #162 - Near Mint","Journey Together","18","singles_1817.jpg"
"singles_1698.jpg","singles","Mega Zygarde ex #124 - Near Mint","Perfect Order","150","singles_1699.jpg"
"singles_1706.jpg","singles","Meowth ex #121 - Near Mint","Perfect Order","150","singles_1707.jpg"
"singles_1716.jpg","singles","Mega Clefable ex #119 - Near Mint","Perfect Order","65","singles_1717.jpg"
"singles_1720.jpg","singles","Mega Greninja ex #100 - Near Mint","Chaos Rising","18","singles_1721.jpg"
"singles_1728.jpg","singles","Bulbasaur #166/165 - Japanese - Near Mint","151","25","singles_1729.jpg"
"singles_1732.jpg","singles","Blaziken #192 - Near Mint","Destined Rivals","12","singles_1733.jpg"
"singles_1734.jpg","singles","Wailord #162 - Near Mint","Journey Together","18","singles_1735.jpg"
"singles_1736.jpg","singles","Team Rocket's Houndoom #191 - Near Mint","Destined Rivals","18","singles_1737.jpg"
"singles_1740.jpg","singles","Deoxys VSTAR #GG46 - Near Mint","Crown Zenith Galarian Gallery","60","singles_1741.jpg"
"singles_1742.jpg","singles","Galarian Perrserker V #184 - Near Mint","Lost Origin","22","singles_1743.jpg"
"singles_1752.jpg","singles","Mew VMAX #114 - Near Mint","Fusion Strike","20","singles_1753.jpg"
"singles_1754.jpg","singles","Birthday Pikachu #24 - Near Mint","Celebrations: Classic Collection","35","singles_1755.jpg"
"singles_1760.jpg","singles","Charizard #TG03 - Near Mint","Lost Origin Trainer Gallery","35","singles_1761.jpg"
"singles_1762.jpg","singles","Pikachu #TG05 - Near Mint","Lost Origin Trainer Gallery","60","singles_1763.jpg"
"singles_1764.jpg","singles","Pikachu #TG05 - Near Mint","Lost Origin Trainer Gallery","60","singles_1765.jpg"
"singles_1770.jpg","singles","Zekrom #TG05 - Near Mint","Brilliant Stars Trainer Gallery","15","singles_1771.jpg"
"singles_1776.jpg","singles","Jolteon #TG04 - Near Mint","Brilliant Stars Trainer Gallery","20","singles_1777.jpg"
"singles_1778.jpg","singles","Jolteon #TG04 - Near Mint","Brilliant Stars Trainer Gallery","20","singles_1779.jpg"
"singles_1784.jpg","singles","Flareon #TG01 - Near Mint","Brilliant Stars Trainer Gallery","24","singles_1785.jpg"
"singles_1786.jpg","singles","Flareon #TG01 - Near Mint","Brilliant Stars Trainer Gallery","24","singles_1787.jpg"
"singles_1788.jpg","singles","Flareon #TG01 - Near Mint","Brilliant Stars Trainer Gallery","24","singles_1789.jpg"
"singles_1790.jpg","singles","Eevee #TG11 - Near Mint","Brilliant Stars Trainer Gallery","22","singles_1791.jpg"
"sealed_0001.jpg","sealed","Elite Trainer Box","Shining Legends","1200",""
"sealed_0002.jpg","sealed","Ultra Premium Collection Box","Celebrations 25","1300",""
"img709.jpg","graded","Misty's Gyarados #13/132 - 1st Edition - PSA 8","Gym Challenge","600",""
"img710.jpg","graded","Gyarados EX #114/122 - BGS 9","BREAKpoint","200",""
"img711.jpg","graded","Blastoise & Piplup GX #214/236 - CGC 9","Cosmic Eclipse","110",""
"img712.jpg","graded","Trio Birds Booster Pack - PSA 8","Hidden Fates","90",""
"singles_1642.jpg","singles","Squirtle #95 - Reverse Holofoil - Moderately Played","Legendary Collection","450","singles_1643.jpg"
"singles_1646.jpg","singles","Caterpie #69 - Reverse Holofoil - Moderately Played","Legendary Collection","250","singles_1647.jpg"
"singles_1648.jpg","singles","Mega Clefable ex #103 - Near Mint","Perfect Order","7","singles_1649.jpg"
"singles_1652.jpg","singles","Umbreon VMAX #048/069 - Korean - Near Mint","Eevee Heroes","5","singles_1653.jpg"
"singles_1654.jpg","singles","Umbreon VMAX #048/069 - Korean - Near Mint","Eevee Heroes","5","singles_1655.jpg"
"singles_1656.jpg","singles","Umbreon VMAX #048/069 - Korean - Near Mint","Eevee Heroes","5","singles_1657.jpg"
"singles_1658.jpg","singles","Umbreon VMAX #048/069 - Korean - Near Mint","Eevee Heroes","5","singles_1659.jpg"
"singles_1660.jpg","singles","Incineroar GX #082/173 - Near Mint","Tag Team All Stars GX","3","singles_1661.jpg"
"singles_1662.jpg","singles","Incineroar GX #082/173 - Near Mint","Tag Team All Stars GX","3","singles_1663.jpg"
"singles_1664.jpg","singles","Alolan Ninetales GX #068/151 - Chinese - Near Mint","Tag Team All Stars GX","6","singles_1665.jpg"
"singles_1668.jpg","singles","Dragonite GX #112/150 - Chinese - Near Mint","Shining Synergy Shower","5","singles_1669.jpg"
"singles_1670.jpg","singles","Dawn Wings Necrozma GX #049/150 - Chinese - Near Mint","Ultra Shiny","3","singles_1671.jpg"
"singles_1672.jpg","singles","Lunala GX #057/151 - Chinese - Near Mint","Ultra Shiny","3","singles_1673.jpg"
"singles_1674.jpg","singles","Naganadel GX #052/150 - Near Mint","Ultra Shiny","3","singles_1675.jpg"
"singles_1678.jpg","singles","Ultra Necrozma GX #069/094 - Near Mint","Forbidden Light","4","singles_1679.jpg"
"singles_1680.jpg","singles","Keldeo GX #036/173 - Near Mint","Tag Team All Stars GX","3","singles_1681.jpg"
"singles_1682.jpg","singles","Lurantis GX #006/060 - Near Mint","Collection Moon","2","singles_1683.jpg"
"singles_1684.jpg","singles","Machamp #68 - Rainbow Foil - Lightly Played","Topps","15","singles_1685.jpg"
"singles_1686.jpg","singles","Torchic #77 - Lightly Played","Advanced Challenge","8","singles_1687.jpg"
"singles_1688.jpg","singles","Switch #209/165 - Near Mint","Scarlet & Violet","20","singles_1689.jpg"
"singles_1690.jpg","singles","V Guard Energy #094/068 - Near Mint","Incandescent Arcana","5","singles_1691.jpg"
"singles_1692.jpg","singles","Energy Switch #093/068 - Near Mint","Incandescent Arcana","7","singles_1693.jpg"
"singles_1694.jpg","singles","Fighting Energy #FIG - Near Mint","Classic Collection","3","singles_1695.jpg"
"singles_1696.jpg","singles","Ludicolo #021/ADV-P - Near Mint","7-11 Promo","20","singles_1697.jpg"
"singles_1614.jpg","singles","Lapras #25 - 1st Edition - Near Mint","Fossil","30","singles_1615.jpg"
"singles_1618.jpg","singles","Lillie's Determination #169 - Near Mint","Mega Evolution","25","singles_1619.jpg"
"singles_1620.jpg","singles","Dawn #118 - Near Mint","Phantasmal Flames","7","singles_1621.jpg"
"singles_1624.jpg","singles","Galarian Perrserker V #184 - Near Mint","Lost Origin","23","singles_1625.jpg"
"singles_1626.jpg","singles","Zeraora V #TG16 - Near Mint","Silver Tempest Trainer Gallery","13","singles_1627.jpg"
"singles_1630.jpg","singles","Centiskorch VMAX #TG15 - Near Mint","Lost Origin Trainer Gallery","8","singles_1631.jpg"
"singles_1632.jpg","singles","Snorunt #188 - Near Mint","Paradox Rift","10","singles_1633.jpg"
"singles_1634.jpg","singles","Ditto #GG22 - Near Mint","Crown Zenith Galarian Gallery","20","singles_1635.jpg"
"singles_1640.jpg","singles","Ditto ◇ #154 - Near Mint","Lost Thunder","20","singles_1641.jpg"
"img663.jpg","graded","Erika's Tangela #218/217 - PSA 10","Ascended Heroes","250",""
"img666.jpg","graded","N's Zekrom #031 - PSA 9","Ascended Heroes","50",""
"img667.jpg","graded","Gyarados #027/068 - CGC 6.5","Mysterious Mountains","100",""
"img669.jpg","graded","Giovanni's Exile #67/68 - PSA 10","Hidden Fates","55",""
"img674.jpg","graded","Venusaur #002 - Thai - PSA 10","25th Anniversary","120",""
"img682.jpg","graded","Moltres #146 - PSA 7","Fossil","90",""
"img684.jpg","graded","Rainbow Energy - PSA 9","VS Series","50",""
"img686.jpg","graded","Nidoqueen #7/64 - PSA 7","Jungle Set","70",""
"img687.jpg","graded","Chansey #3/102 - PSA 8","Base Set","80",""
"img692.jpg","graded","Weezing #110 - CGC 8.5","Fossil","15",""
"img698.jpg","graded","Butterfree Chrome #12 - PSA 8","Topps","20",""
"img699.jpg","graded","Vileplume Chrome #45 - PSA 7","Topps","25",""
"img706.jpg","graded","Master Ball #153 - PSA 9","Temporal Forces","15",""
"img707.jpg","graded","Arcanine ex #016/078 - CGC 9.5","Scarlet & Violet","10",""
"singles_1338.jpg","singles","Kyurem ex #165 - Near Mint","Black Bolt","75","singles_1339.jpg"
"singles_1344.jpg","singles","Ivysaur #134 - Near Mint","Mega Evolution","23","singles_1345.jpg"
"singles_1350.jpg","singles","Mega Feraligatr ex #274 - Near Mint","Ascended Heroes","175","singles_1351.jpg"
"singles_1356.jpg","singles","Mega Emboar ex #273 - Near Mint","Ascended Heroes","75","singles_1357.jpg"
"singles_1382.jpg","singles","Mega Scrafty ex #270 - Near Mint","Ascended Heroes","6","singles_1383.jpg"
"singles_1384.jpg","singles","Mega Eelektross ex #266 - Near Mint","Ascended Heroes","5","singles_1385.jpg"
"singles_1390.jpg","singles","Teal Mask Ogerpon #123 - Near Mint","Scarlet & Violet Black Star Promos","2","singles_1391.jpg"
"singles_1394.jpg","singles","Relicanth #077/071 - Korean - Near Mint","Wild Force","3","singles_1395.jpg"
"singles_1398.jpg","singles","Team Rocket's Mimikyu #238 - Near Mint","Ascended Heroes","30","singles_1399.jpg"
"singles_1414.jpg","singles","Team Rocket's Wobbuffet #203 - Near Mint","Scarlet & Violet Promo Cards","14","singles_1415.jpg"
"singles_1416.jpg","singles","Charcadet #022 - Near Mint","Scarlet & Violet Promo Cards","3","singles_1417.jpg"
"singles_1428.jpg","singles","N's Zoroark ex #189 - Near Mint","Journey Together","17","singles_1429.jpg"
"singles_1432.jpg","singles","Mega Lopunny ex #115 - Near Mint","Phantasmal Flames","3","singles_1433.jpg"
"singles_1446.jpg","singles","Team Rocket's Murkrow #200 - Near Mint","Destined Rivals","11","singles_1447.jpg"
"singles_1450.jpg","singles","Marill #232 - Near Mint","Ascended Heroes","17","singles_1451.jpg"
"singles_1452.jpg","singles","Iono's Wattrel #231 - Near Mint","Ascended Heroes","11","singles_1453.jpg"
"singles_1458.jpg","singles","Hitmontop #240 - Near Mint","Ascended Heroes","8","singles_1459.jpg"
"singles_1464.jpg","singles","Shedinja #144 - Near Mint","Mega Evolution","3","singles_1465.jpg"
"singles_1470.jpg","singles","Dondozo #207 - Near Mint","Scarlet & Violet","14","singles_1471.jpg"
"singles_1476.jpg","singles","Drapion #97 - Near Mint","Perfect Order","2","singles_1477.jpg"
"singles_1484.jpg","singles","Spewpa #89 - Near Mint","Perfect Order","3","singles_1485.jpg"
"singles_1486.jpg","singles","Blaziken #192 - Near Mint","Destined Rivals","13","singles_1487.jpg"
"singles_1496.jpg","singles","Deerling #165 - Near Mint","Temporal Forces","45","singles_1497.jpg"
"singles_1498.jpg","singles","Lillie's Ribombee #164 - Near Mint","Journey Together","6","singles_1499.jpg"
"singles_1506.jpg","singles","Hydrapple #188 - Near Mint","Destined Rivals","4","singles_1507.jpg"
"singles_1508.jpg","singles","Dipplin #170 - Near Mint","Twilight Masquerade","12","singles_1509.jpg"
"singles_1510.jpg","singles","Nymble #96 - Near Mint","Phantasmal Flames","2","singles_1511.jpg"
"singles_1512.jpg","singles","Cynthia's Roserade #184 - Near Mint","Destined Rivals","15","singles_1513.jpg"
"singles_1524.jpg","singles","Probopass #96 - Near Mint","Perfect Order","2","singles_1525.jpg"
"singles_1526.jpg","singles","Helioptile #143 - Near Mint","Mega Evolution","3","singles_1527.jpg"
"singles_1528.jpg","singles","Bibarel #GG25 - Near Mint","Crown Zenith Galarian Gallery","4","singles_1529.jpg"
"singles_1530.jpg","singles","Hisuian Voltorb #GG01 - Near Mint","Crown Zenith Galarian Gallery","3","singles_1531.jpg"
"singles_1540.jpg","singles","Empoleon ex #114 - Near Mint","Phantasmal Flames","2","singles_1541.jpg"
"singles_1546.jpg","singles","Genesect ex #161 - Near Mint","Black Bolt","2","singles_1547.jpg"
"singles_1548.jpg","singles","Gourgeist ex #102 - Near Mint","Chaos Rising","3","singles_1549.jpg"
"singles_1550.jpg","singles","Dudunsparce ex #178 - Near Mint","Journey Together","2","singles_1551.jpg"
"singles_1552.jpg","singles","Mimikyu V #68 - Near Mint","Brilliant Stars","3","singles_1553.jpg"
"singles_1558.jpg","singles","Team Rocket's Giovanni #225 - Near Mint","Destined Rivals","10","singles_1559.jpg"
"singles_1570.jpg","singles","Team Rocket's Petrel #226 - Near Mint","Destined Rivals","12","singles_1571.jpg"
"singles_1578.jpg","singles","Brassius #135 - Near Mint","Prismatic Evolutions","1","singles_1579.jpg"
"singles_1594.jpg","singles","Fighting Gong #168 - Near Mint","Mega Evolution","3","singles_1595.jpg"
"singles_1600.jpg","singles","Ignition Energy #124 - Near Mint","Phantasmal Flames","3","singles_1601.jpg"
"singles_1602.jpg","singles","Unfair Stamp #165 - Near Mint","Twilight Masquerade","15","singles_1603.jpg"
"singles_1606.jpg","singles","Amulet of Hope #162 - Near Mint","Surging Sparks","1","singles_1607.jpg"
"singles_1608.jpg","singles","Darkrai #1006/07 - Chinese - Near Mint","Gem Pack Vol. 3","2","singles_1609.jpg"
"singles_1315.jpg","sealed","Meowth #Promo 10 - Sealed","Gameboy Promo","150",""
"singles_1317.jpg","sealed","Rayquaza #003/S-P - Sealed","Starter Set","150",""
"singles_1318.jpg","sealed","Volcanion #266/XY-P - Sealed","XY Promos","1000",""
"singles_1319.jpg","sealed","Lugia V #322/S-P - Sealed","Mystery Promo","110",""
"singles_1320.jpg","sealed","Zeraora #133/SV-P - Sealed","Stellar Miracle","20",""
"singles_1322.jpg","sealed","Eevee #194/SV-P - Sealed","Eevee Family Special Set","40",""
"singles_1323.jpg","sealed","Team Rocket's Meowth #219/SV-P - Sealed","Chinese Exclusive","30",""
"singles_1325.jpg","sealed","Druddigon #011/012 - Sealed","Display Set","7",""
"singles_1326.jpg","sealed","Frosmoth #004/008 - Sealed","Display Set","5",""
"singles_1328.jpg","sealed","Thundurus #209 - Sealed","Black Star Promo","5",""
"singles_1329.jpg","sealed","Tyrunt #070 - Sealed","Black Star Promo","8",""
"singles_1330.jpg","sealed","Iron Thorns #098 - Sealed","Black Star Promo","6",""
"singles_1333.jpg","sealed","Pikachu #040/SV-P - Sealed","Promotional Card","30",""
"singles_1219.jpg","singles","Pikachu with Mega Lizardon X Poncho - Pokemon Center - Near Mint","Business Card Campaign","200","singles_1220.jpg"
"img625.jpg","graded","Smeargle #073/063 - TAG 10","Incandescent Arcana","45",""
"img635.jpg","graded","Eevee ex #126/187 - CGC 10","Terastal Festival","25",""
"img636.jpg","graded","Mamoswine ex #079/159 - CGC 10","Journey Together","15",""
"singles_1221.jpg","singles","Beedrill V #069/067 - Chinese - Near Mint","Space Juggler","25","singles_1222.jpg"
"singles_1227.jpg","singles","Azelf #020/050 - Reverse Holofoil - Near Mint","Ultra Force","4","singles_1228.jpg"
"singles_1231.jpg","singles","Rowlet #082/080 - Chinese - Near Mint","Nihil Zero","4","singles_1232.jpg"
"singles_1233.jpg","singles","Medicham #207/193 - Chinese - Near Mint","Mega Dream","3","singles_1234.jpg"
"singles_1239.jpg","singles","Quaxly #081/073 - Korean - Near Mint","Triple Beat","4","singles_1240.jpg"
"singles_1247.jpg","singles","Stoutland #152/150 - Chinese - Near Mint","Dream League","3","singles_1248.jpg"
"singles_1251.jpg","singles","Team Rocket's Weezing #105/098 - Korean - Near Mint","Glory of Team Rocket","4","singles_1252.jpg"
"singles_1255.jpg","singles","Dedenne #085/080 - Korean - Near Mint","Nihil Zero","4","singles_1256.jpg"
"singles_1259.jpg","singles","Togedemaru #090/080 - Korean - Near Mint","Nihil Zero","2","singles_1260.jpg"
"singles_1261.jpg","singles","Ninjask #065/063 - Korean - Near Mint","Mega Symphonia","2","singles_1262.jpg"
"singles_1263.jpg","singles","Ethan's Magcargo #197/193 - Korean - Near Mint","Mega Dream","2","singles_1264.jpg"
"singles_1265.jpg","singles","Wigglytuff #091/080 - Korean - Near Mint","Inferno X","3","singles_1266.jpg"
"singles_1267.jpg","singles","Larvitar #114/108 - Korean - Near Mint","Ruler of the Black Flame","4","singles_1268.jpg"
"singles_1269.jpg","singles","Gumshoos #075/063 - Korean - Near Mint","Mega Brave","3","singles_1270.jpg"
"singles_1271.jpg","singles","Talonflame #083/080 - Korean - Near Mint","Nihil Zero","3","singles_1272.jpg"
"singles_1273.jpg","singles","Probopass #088/080 - Korean - Near Mint","Nihil Zero","2","singles_1274.jpg"
"singles_1275.jpg","singles","Espathra #131/128 - Chinese - Near Mint","Arcane Truth","3","singles_1276.jpg"
"singles_1281.jpg","singles","Clawitzer #068/063 - Korean - Near Mint","Mega Symphonia","2","singles_1282.jpg"
"singles_1283.jpg","singles","Spiritomb #071/063 - Korean - Near Mint","Mega Brave","3","singles_1284.jpg"
"singles_1299.jpg","singles","Drapion #090/080 - Korean - Near Mint","Nihil Zero","2","singles_1300.jpg"
"singles_1313.jpg","singles","Solrock #129/127 - Chinese - Near Mint","Brave Stars","2","singles_1314.jpg"
"singles_0619.jpg","singles","Mega Venusaur ex #087/063 - Korean - Near Mint","Mega Brave","50","singles_0620.jpg"
"singles_0641.jpg","singles","Wellspring Mask Ogerpon ex #127/101 - Near Mint","Mask of Change","18","singles_0642.jpg"
"singles_0643.jpg","singles","Vaporeon V #075/069 - Chinese - Near Mint","Eevee Heroes","40","singles_0644.jpg"
"singles_0645.jpg","singles","Vaporeon V #138/132 - Chinese - Near Mint","Eevee Heroes","12","singles_0646.jpg"
"singles_0647.jpg","singles","Jolteon V #143/132 - Chinese - Near Mint","Eevee Heroes","10","singles_0648.jpg"
"singles_0649.jpg","singles","Leafeon V #070/069 - Chinese - Near Mint","Eevee Heroes","10","singles_0650.jpg"
"singles_0659.jpg","singles","Mega Hawlucha ex #229/193 - Near Mint","Mega Dream","6","singles_0660.jpg"
"singles_0663.jpg","singles","Mega Starmie ex #095/080 - Korean - Near Mint","Mega Dream","5","singles_0664.jpg"
"singles_0669.jpg","singles","Mega Latios ex #079/063 - Near Mint","Mega Symphonia","5","singles_0670.jpg"
"singles_0671.jpg","singles","Mega Dragalge ex #102/083 - Near Mint","Ninja Spinner","5","singles_0672.jpg"
"singles_0673.jpg","singles","Mega Kangaskhan ex #080/063 - Korean - Near Mint","Mega Symphonia","3","singles_0674.jpg"
"singles_0677.jpg","singles","Naganadel & Guzzlord-GX #158 - Near Mint","Cosmic Eclipse","11","singles_0678.jpg"
"singles_0679.jpg","singles","Buzzwole & Pheromosa GX #001/173 - Near Mint","Tag Team GX","4","singles_0680.jpg"
"singles_0683.jpg","singles","Pikachu #051/162 - Near Mint","Pokemon Day Promo","10","singles_0684.jpg"
"singles_0685.jpg","singles","Eevee #074/131 - Near Mint","Pokemon Day Promo","5","singles_0686.jpg"
"singles_0693.jpg","singles","Radiant Eevee #SWSH230 - Near Mint","SWSH Black Star Promos","22","singles_0694.jpg"
"singles_0697.jpg","singles","Radiant Greninja #46 - Near Mint","Astral Radiance","4","singles_0698.jpg"
"singles_0699.jpg","singles","Radiant Venusaur #4 - Near Mint","Pokémon GO","11","singles_0700.jpg"
"singles_0701.jpg","singles","Radiant Steelix #124 - Near Mint","Lost Origin","2","singles_0702.jpg"
"singles_0709.jpg","singles","Thundurus #209 - Near Mint","Scarlet & Violet Promos","3","singles_0710.jpg"
"singles_0711.jpg","singles","Thundurus #209 - Near Mint","Scarlet & Violet Promos","3","singles_0712.jpg"
"singles_0713.jpg","singles","Thundurus #209 - Near Mint","Scarlet & Violet Promos","3","singles_0714.jpg"
"singles_0715.jpg","singles","Tornadus #210 - Near Mint","Scarlet & Violet Promos","2","singles_0716.jpg"
"singles_0717.jpg","singles","Team Rocket's Murkrow #200 - Near Mint","Destined Rivals","10","singles_0718.jpg"
"singles_0725.jpg","singles","Hydrapple #188 - Near Mint","Destined Rivals","4","singles_0726.jpg"
"singles_0731.jpg","singles","Team Rocket's Orbeetle #198 - Near Mint","Destined Rivals","5","singles_0732.jpg"
"singles_0737.jpg","singles","Toxtricity #103 - Near Mint","Phantasmal Flames","2","singles_0738.jpg"
"singles_0741.jpg","singles","Gothitelle #211 - Near Mint","Scarlet & Violet Promos","6","singles_0742.jpg"
"singles_0751.jpg","singles","Milcery #152 - Near Mint","Stellar Crown","17","singles_0752.jpg"
"singles_0759.jpg","singles","Pawmi #226 - Near Mint","Paldean Fates","3","singles_0760.jpg"
"singles_0769.jpg","singles","Parasect #TG01 - Near Mint","Lost Origin Trainer Gallery","4","singles_0770.jpg"
"singles_0869.jpg","singles","Mr. Mime #179/165 - Near Mint","151","3","singles_0870.jpg"
"singles_0931.jpg","singles","Gyarados #6 - Lightly Played","Base","25","singles_0932.jpg"
"singles_0933.jpg","singles","Gyarados #6 - Lightly Played","Base","25","singles_0934.jpg"
"singles_0937.jpg","singles","Magneton #10 - Unlimited Holofoil - Damaged","Neo Revelation","10","singles_0938.jpg"
"singles_0943.jpg","singles","Dark Dugtrio No. #051 - Moderately Played","Team Rocket","10","singles_0944.jpg"
"singles_0953.jpg","singles","Weezing #45 - Unlimited - Near Mint","Fossil","2","singles_0954.jpg"
"singles_0959.jpg","singles","Blastoise V #SWSH101 - Near Mint","SWSH Black Star Promos","10","singles_0960.jpg"
"singles_0965.jpg","singles","Rayquaza V #100 - Near Mint","Crown Zenith","2","singles_0966.jpg"
"singles_0967.jpg","singles","Centiskorch V #TG14 - Near Mint","Lost Origin Trainer Gallery","5","singles_0968.jpg"
"singles_0989.jpg","singles","Mewtwo V #030/071 - Near Mint","Pokemon GO","3","singles_0990.jpg"
"singles_0991.jpg","singles","Mew VMAX #054/172 - Near Mint","VSTAR Universe","6","singles_0992.jpg"
"singles_1001.jpg","singles","Duraludon VMAX #TG30 - Near Mint","Silver Tempest Trainer Gallery","4","singles_1002.jpg"
"singles_1005.jpg","singles","Dragonite VSTAR ##050/071 - Near Mint","Pokemon GO","2","singles_1006.jpg"
"singles_1009.jpg","singles","Dragonite V #49 - Near Mint","Pokémon GO","5","singles_1010.jpg"
"singles_1011.jpg","singles","Dragonite V #49 - Near Mint","Pokémon GO","5","singles_1012.jpg"
"singles_1013.jpg","singles","Dragonite V #042/067 - Near Mint","Sky Stream","3","singles_1014.jpg"
"singles_1015.jpg","singles","Duraludon VMAX #123 - Near Mint","Evolving Skies","2","singles_1016.jpg"
"singles_1017.jpg","singles","Ice Rider Calyrex VMAX #46 - Near Mint","Chilling Reign","2","singles_1018.jpg"
"singles_1019.jpg","singles","Shadow Rider Calyrex VMAX #75 - Near Mint","Chilling Reign","2","singles_1020.jpg"
"singles_1021.jpg","singles","Rayquaza VMAX #108/172 - Near Mint","VSTAR Universe","3","singles_1022.jpg"
"singles_1025.jpg","singles","Cramorant V #SWSH086 - Near Mint","SWSH Black Star Promos","1","singles_1026.jpg"
"singles_1027.jpg","singles","Indeedee V ##316/190 - Near Mint","Shiny Star V","2","singles_1028.jpg"
"singles_1029.jpg","singles","Hisuian Typhlosion VSTAR #54 - Near Mint","Astral Radiance","2","singles_1030.jpg"
"singles_1057.jpg","singles","Morpeko V-UNION #SWSH287 - Near Mint","SWSH Black Star Promos","1","singles_1058.jpg"
"singles_1059.jpg","singles","Morpeko V-UNION #SWSH288 - Near Mint","SWSH Black Star Promos","2","singles_1060.jpg"
"singles_1063.jpg","singles","Morpeko V-UNION #SWSH290 - Near Mint","SWSH Black Star Promos","3","singles_1064.jpg"
"singles_1067.jpg","singles","Latias ex #220 - Near Mint","Surging Sparks","7","singles_1068.jpg"
"singles_1069.jpg","singles","Aerodactyl V #179 - Near Mint","Lost Origin","3","singles_1070.jpg"
"singles_1071.jpg","singles","Luxray ex #195 - Near Mint","Twilight Masquerade","3","singles_1072.jpg"
"singles_1073.jpg","singles","Black Kyurem ex #218 - Near Mint","Surging Sparks","3","singles_1074.jpg"
"singles_1075.jpg","singles","Bloodmoon Ursaluna ex #202 - Near Mint","Twilight Masquerade","3","singles_1076.jpg"
"singles_1079.jpg","singles","Kyurem ex #157 - Near Mint","Black Bolt","2","singles_1080.jpg"
"singles_1081.jpg","singles","Unown V #176 - Near Mint","Silver Tempest","3","singles_1082.jpg"
"singles_1083.jpg","singles","Armarouge ex #125 - Near Mint","Scarlet & Violet Black Star Promos","1","singles_1084.jpg"
"singles_1087.jpg","singles","Yveltal ex #098/080 - Chinese - Near Mint","Nihil Zero","6","singles_1088.jpg"
"singles_1089.jpg","singles","Mismagius ex #097/080 - Chinese - Near Mint","Inferno X","2","singles_1090.jpg"
"singles_1091.jpg","singles","Gourgeist ex #100/083 - Chinese - Near Mint","Ninja Spinner","3","singles_1092.jpg"
"singles_1101.jpg","singles","Gyarados-GX #18 - Near Mint","Crimson Invasion","25","singles_1102.jpg"
"singles_1109.jpg","singles","Cornerstone Mask Ogerpon ex #216/187 - Near Mint","Terastal Festival","5","singles_1110.jpg"
"singles_1111.jpg","singles","Tealmask Ogerpon ex #114/101 - Near Mint","Mask of Change","4","singles_1112.jpg"
"singles_1113.jpg","singles","Alolan Exeggutor ex #225 - Near Mint","Surging Sparks","3","singles_1114.jpg"
"singles_1115.jpg","singles","Terapagos ex #165 - Near Mint","Scarlet & Violet Black Star Promos","4","singles_1116.jpg"
"singles_1125.jpg","singles","Mega Gengar ex #56 - Near Mint","Phantasmal Flames","3","singles_1126.jpg"
"singles_1127.jpg","singles","Mega Gengar ex #56 - Near Mint","Phantasmal Flames","3","singles_1128.jpg"
"singles_1131.jpg","singles","Mega Absol ex #86 - Near Mint","Mega Evolution","1","singles_1132.jpg"
"singles_1133.jpg","singles","Fezandipiti #45 - Masterball Foil - Near Mint","Prismatic Evolutions","9","singles_1134.jpg"
"singles_1135.jpg","singles","Duskull #035 - Masterball Foil - Near Mint","Prismatic Evolutions","3","singles_1136.jpg"
"singles_1137.jpg","singles","Maractus #008 - Masterball Foil - Near Mint","Black Bolt","25","singles_1138.jpg"
"singles_1139.jpg","singles","Litwick #016 - Masterball Foil - Near Mint","Black Bolt","3","singles_1140.jpg"
"singles_1141.jpg","singles","Pansear #014 - Masterball Foil - Near Mint","Black Bolt","3","singles_1142.jpg"
"singles_1143.jpg","singles","Okidogi ##090/187 - Masterball Foil - Near Mint","Terastal Festival","2","singles_1144.jpg"
"singles_1145.jpg","singles","Umbreon #0609/15 - Masterball Foil - Near Mint","Gem Pack Vol. 1","2","singles_1146.jpg"
"singles_1147.jpg","singles","Glaceon #0810/14 - Masterball Foil - Near Mint","Gem Pack Vol. 2","2","singles_1148.jpg"
"singles_1149.jpg","singles","Gengar #0305/07 - Masterball Foil - Near Mint","Gem Pack Vol. 3","3","singles_1150.jpg"
"singles_1153.jpg","singles","Team Rocket's Ariana #224 - Near Mint","Destined Rivals","6","singles_1154.jpg"
"singles_1157.jpg","singles","Geeta #218 - Near Mint","Obsidian Flames","2","singles_1158.jpg"
"singles_1159.jpg","singles","N's Plan #163 - Near Mint","Black Bolt","5","singles_1160.jpg"
"singles_1161.jpg","singles","Briar #163 - Near Mint","Stellar Crown","2","singles_1162.jpg"
"singles_1163.jpg","singles","Ciphermaniac's Codebreaking #198 - Near Mint","Temporal Forces","7","singles_1164.jpg"
"singles_1169.jpg","singles","Wally's Compassion #084/063 - Near Mint","Mega Symphonia","2","singles_1170.jpg"
"singles_1171.jpg","singles","Iris's Fighting Spirit #122/120 - Near Mint","Battle Partners","3","singles_1172.jpg"
"singles_1175.jpg","singles","Master Ball #153 - Near Mint","Temporal Forces","2","singles_1176.jpg"
"singles_1185.jpg","singles","Eevee #SWSH127 - Near Mint","SWSH Black Star Promos","5","singles_1186.jpg"
"singles_1187.jpg","singles","Kirlia #SWSH271 - Near Mint","SWSH Black Star Promos","2","singles_1188.jpg"
"singles_1189.jpg","singles","Finneon #SWSH240 - Near Mint","SWSH Black Star Promos","1","singles_1190.jpg"
"singles_1191.jpg","singles","Luxray #137 - Near Mint","Paldean Fates","10","singles_1192.jpg"
"singles_1201.jpg","singles","Hawlucha #175 - Near Mint","Paldean Fates","8","singles_1202.jpg"
"singles_1203.jpg","singles","Fidough #69 - Near Mint","Scarlet & Violet Black Star Promos","1","singles_1204.jpg"
"singles_1207.jpg","singles","Electrode #239/190 - Near Mint","Shiny Treasure","3","singles_1208.jpg"
"singles_1213.jpg","singles","Fuecoco #0306/09 - Near Mint","Gem Pack Vol. 1","2","singles_1214.jpg"
"singles_1215.jpg","singles","Fuecoco #0306/09 - Near Mint","Gem Pack Vol. 1","2","singles_1216.jpg"
"img615.jpg","graded","Snorlax #143 - ARS 9","CD Promo","500","img616.jpg"
"img617.jpg","graded","Blastoise #003/032 - ARS 10","Classic Collection","175","img618.jpg"
"singles_0343.jpg","singles","Flaaffy #48 - Reverse Holo - Lightly Played","Platinum","2","singles_0344.jpg"
"singles_0345.jpg","singles","Rapidash #47 - Reverse Holo - Heavily Played","Arceus","1","singles_0346.jpg"
"singles_0347.jpg","singles","Infernape #5 - Reverse Holo - Heavily Played","Diamond & Pearl","2","singles_0348.jpg"
"singles_0349.jpg","singles","Chimchar #56 - Reverse Holo - Heavily Played","Majestic Dawn","1","singles_0350.jpg"
"singles_0351.jpg","singles","Toxicroak #36 - Reverse Holo - Moderately Played","Mysterious Treasures","2","singles_0352.jpg"
"singles_0353.jpg","singles","Grimer #75 - Reverse Holo - Heavily Played","Platinum","1","singles_0354.jpg"
"singles_0357.jpg","singles","Shuppet #110 - Reverse Holo - Heavily Played","Secret Wonders","1","singles_0358.jpg"
"singles_0359.jpg","singles","Chimecho #22 - Reverse Holo - Moderately Played","Mysterious Treasures","1","singles_0360.jpg"
"singles_0361.jpg","singles","Chimecho #22 - Reverse Holo - Moderately Played","Mysterious Treasures","1","singles_0362.jpg"
"singles_0367.jpg","singles","Riolu #61 - Reverse Holo - Heavily Played","Diamond & Pearl","3","singles_0368.jpg"
"singles_0369.jpg","singles","Riolu #61 - Reverse Holo - Heavily Played","Diamond & Pearl","3","singles_0370.jpg"
"singles_0373.jpg","singles","Graveler #51 - Reverse Holo - Damaged","Mysterious Treasures","1","singles_0374.jpg"
"singles_0375.jpg","singles","Dugtrio #24 - Reverse Holo - Damaged","Secret Wonders","1","singles_0376.jpg"
"singles_0377.jpg","singles","Trapinch #84 - Reverse Holo - Moderately Played","Rising Rivals","2","singles_0378.jpg"
"singles_0383.jpg","singles","Phione #12 - Reverse Holo - Damaged","Majestic Dawn","1","singles_0384.jpg"
"singles_0395.jpg","singles","Piloswine #69 - Reverse Holo - Lightly Played","Legends Awakened","2","singles_0396.jpg"
"singles_0403.jpg","singles","Marill #88 - Reverse Holo - Moderately Played","Diamond & Pearl","5","singles_0404.jpg"
"singles_0405.jpg","singles","Victreebel #12 - Reverse Holo - Damaged","HS—Triumphant","2","singles_0406.jpg"
"singles_0407.jpg","singles","Roserade #13 - Reverse Holo - Damaged","Diamond & Pearl","2","singles_0408.jpg"
"singles_0409.jpg","singles","Beautifly #21 - Reverse Holo - Moderately Played","Platinum","2","singles_0410.jpg"
"singles_0411.jpg","singles","Yanmega #17 - Reverse Holo - Heavily Played","Legends Awakened","1","singles_0412.jpg"
"singles_0413.jpg","singles","Tropius #52 - Reverse Holo - Damaged","Rising Rivals","1","singles_0414.jpg"
"singles_0415.jpg","singles","Ariados #20 - Reverse Holo - Moderately Played","Mysterious Treasures","1","singles_0416.jpg"
"singles_0417.jpg","singles","Ariados #20 - Reverse Holo - Moderately Played","Mysterious Treasures","1","singles_0418.jpg"
"singles_0419.jpg","singles","Carnivine #43 - Reverse Holo - Damaged","Platinum","1","singles_0420.jpg"
"singles_0421.jpg","singles","Kricketot #109 - Reverse Holo - Damaged","Supreme Victors","1","singles_0422.jpg"
"singles_0425.jpg","singles","Wurmple #103 - Reverse Holo - Moderately Played","Platinum","7","singles_0426.jpg"
"singles_0429.jpg","singles","Igglybuff #44 - Reverse Holo - Moderately Played","HeartGold & SoulSilver","8","singles_0430.jpg"
"singles_0435.jpg","singles","Magnemite #87 - Reverse Holo - Moderately Played","Diamond & Pearl","2","singles_0436.jpg"
"singles_0437.jpg","singles","Ambipom #3 - Reverse Holo - Moderately Played","Mysterious Treasures","1","singles_0438.jpg"
"singles_0441.jpg","singles","Buneary #73 - Reverse Holo - Moderately Played","Diamond & Pearl","2","singles_0442.jpg"
"singles_0443.jpg","singles","Lairon #44 - Reverse Holo - Damaged","Rising Rivals","1","singles_0444.jpg"
"singles_0447.jpg","singles","Raticate #61 - Reverse Holo - Heavily Played","Secret Wonders","1","singles_0448.jpg"
"singles_0455.jpg","singles","Professor Oak's New Theory #83 - Reverse Holo - Lightly Played","Call of Legends","3","singles_0456.jpg"
"singles_0457.jpg","singles","Professor Oak's New Theory #83 - Reverse Holo - Lightly Played","Call of Legends","3","singles_0458.jpg"
"singles_0459.jpg","singles","Team Rocket's Trickery #78 - Reverse Holo - Lightly Played","HS—Undaunted","5","singles_0460.jpg"
"singles_0463.jpg","singles","Professor Rowan #112 - Reverse Holo - Moderately Played","Diamond & Pearl","1","singles_0464.jpg"
"singles_0467.jpg","singles","Energy Search #117 - Reverse Holo - Moderately Played","Diamond & Pearl","1","singles_0468.jpg"
"singles_0471.jpg","singles","Mightyena #47 - Lightly Played","Topps Advanced Challenge","10","singles_0472.jpg"
"singles_0473.jpg","singles","Camerupt #22 - Lightly Played","Topps Advanced","5","singles_0474.jpg"
"singles_0475.jpg","singles","Whiscash #87 - Lightly Played","Topps Advanced","5","singles_0476.jpg"
"singles_0477.jpg","singles","Kirlia #42 - Lightly Played","Topps Advanced","10","singles_0478.jpg"
"singles_0479.jpg","singles","Volbeat #86 - Lightly Played","Topps Advanced","5","singles_0480.jpg"
"singles_0481.jpg","singles","Shroomish #75 - Near Mint","Topps Advanced","10","singles_0482.jpg"
"singles_0483.jpg","singles","Electrode #27 - Lightly Played","Topps Advanced Challenge","5","singles_0484.jpg"
"singles_0485.jpg","singles","Manectric #42 - Lightly Played","Topps Advanced Challenge","10","singles_0486.jpg"
"singles_0487.jpg","singles","Claydol #20 - Near Mint","Topps Advanced Challenge","7","singles_0488.jpg"
"singles_0489.jpg","singles","Lombre #38 - Lightly Played","Topps Advanced Challenge","5","singles_0490.jpg"
"singles_0493.jpg","singles","Snorunt #67 - Lightly Played","Topps Advanced Challenge","5","singles_0494.jpg"
"singles_0497.jpg","singles","Cascoon #12 - Lightly Played","Topps Advanced Challenge","6","singles_0498.jpg"
"singles_0499.jpg","singles","Graveler #075 - Moderately Played","Bandai Carddass","5","singles_0500.jpg"
"singles_0501.jpg","singles","Diglett #050 - Lightly Played","Bandai Carddass","10","singles_0502.jpg"
"singles_0503.jpg","singles","Victreebel #71 - Lightly Played","Topps","3","singles_0504.jpg"
"singles_0505.jpg","singles","Persian #53 - Near Mint","Topps","3","singles_0506.jpg"
"singles_0507.jpg","singles","Luxio #103/BW-P - Moderately Played","Psycho Drive Hail Blizzard","7","singles_0508.jpg"
"singles_0509.jpg","singles","Regirock #099/PCG-P - Moderately Played","Mew Lucario Movie","4","singles_0510.jpg"
"singles_0511.jpg","singles","Regirock #099/PCG-P - Moderately Played","Mew Lucario Movie","4","singles_0512.jpg"
"singles_0513.jpg","singles","Regirock #072/PCG-P - Heavily Played","Meiji Promo","2","singles_0514.jpg"
"singles_0515.jpg","singles","Regice #067/PCG-P - Lightly Played","Mystery of Mew","3","singles_0516.jpg"
"singles_0517.jpg","singles","Regice #098/PCG-P - Moderately Played","Mew Lucario Movie","5","singles_0518.jpg"
"singles_0521.jpg","singles","Genesect #209/BW-P - Lightly Played","EX Battle Boost","11","singles_0522.jpg"
"singles_0529.jpg","singles","Delta Pelipper #140/PCG-P - Damaged","Meiji Promo","2","singles_0530.jpg"
"singles_0531.jpg","singles","Sliggoo #059/080 - Near Mint","Wild Blaze","3","singles_0532.jpg"
"singles_0533.jpg","singles","Croagunk #122/DP-P - Moderately Played","Diamond & Pearl","2","singles_0534.jpg"
"singles_0537.jpg","singles","Raticate #020 - Unscratched - Moderately Played","Pokemon Scratch","20","singles_0538.jpg"
"singles_0543.jpg","singles","Magneton #38 - Unlimited Holofoil - Near Mint","Evolutions","2","singles_0544.jpg"
"singles_0545.jpg","singles","Serperior ex #159/086 - Near Mint","Black Bolt","3","singles_0546.jpg"
"singles_0549.jpg","singles","Mamoswine ex #116/100 - Near Mint","Battle Partners","3","singles_0550.jpg"
"singles_0551.jpg","singles","Fezandipiti #081/064 - Near Mint","Night Wanderer","3","singles_0552.jpg"
"singles_0559.jpg","singles","Dragonite V #049/071 - Near Mint","Pokemon GO","3","singles_0560.jpg"
"singles_0561.jpg","singles","Lugia VSTAR #080/098 - Near Mint","Paradigm Trigger","5","singles_0562.jpg"
"singles_0563.jpg","singles","Regieleki V #319/S-P - Near Mint","SWSH Promos","3","singles_0564.jpg"
"singles_0565.jpg","singles","Eri #197/187 - Near Mint","Terastal Festival","4","singles_0566.jpg"
"singles_0569.jpg","singles","Archeops #327/S-P - Near Mint","SWSH Promos","6","singles_0570.jpg"
"singles_0571.jpg","singles","Tapu Koko #109/SM-P - Near Mint","Koko Fest","3","singles_0572.jpg"
"singles_0573.jpg","singles","Fire Energy #XY-P - Near Mint","First Promo","10","singles_0574.jpg"
"singles_0575.jpg","singles","Toxicroak EX #036/080 - Heavily Played","Wild Blaze","1","singles_0576.jpg"
"singles_0579.jpg","singles","Kyurem EX #006/018 - Lightly Played","Hail Blizzard","5","singles_0580.jpg"
"singles_0581.jpg","singles","Tapu Koko VMAX #150/414 - Near Mint","Battle Styles","3","singles_0582.jpg"
"singles_0583.jpg","singles","Tapu Koko V #149/414 - Near Mint","Single Strike Master","2","singles_0584.jpg"
"singles_0585.jpg","singles","Goldeen #20 - Masterball Foil - Near Mint","Prismatic Evolutions","3","singles_0586.jpg"
"singles_0587.jpg","singles","Precious Trolley #185 - Near Mint","Surging Sparks","2","singles_0588.jpg"
"singles_0589.jpg","singles","Precious Trolley #185 - Near Mint","Surging Sparks","2","singles_0590.jpg"
"singles_0593.jpg","singles","Precious Trolley #185 - Near Mint","Surging Sparks","2","singles_0594.jpg"
"singles_0595.jpg","singles","Centiskorch VMAX #310/190 - Near Mint","Shiny Star V","3","singles_0596.jpg"
"singles_0597.jpg","singles","Magcargo ex #080/066 - Near Mint","Crimson Haze","3","singles_0598.jpg"
"singles_0599.jpg","singles","Pidgeot ex #335/190 - Near Mint","Shiny Treasure ex","3","singles_0600.jpg"
"singles_0601.jpg","singles","Wigglytuff ex #336/190 - Near Mint","Shiny Treasure ex","5","singles_0602.jpg"
"singles_0603.jpg","singles","Great Tusk ex #330/190 - Near Mint","Shiny Treasure ex","2","singles_0604.jpg"
"singles_0605.jpg","singles","Boltund V #313/190 - Near Mint","Shiny Star V","3","singles_0606.jpg"
"singles_0607.jpg","singles","Eldegoss V #306/190 - Near Mint","Shiny Star V","3","singles_0608.jpg"
"singles_0609.jpg","singles","Eldegoss V #306/190 - Near Mint","Shiny Star V","3","singles_0610.jpg"
"singles_0611.jpg","singles","Yveltal #117/190 - Near Mint","Shiny Star V","2","singles_0612.jpg"
"singles_0613.jpg","singles","Kyogre #036/190 - Near Mint","Shiny Star V","2","singles_0614.jpg"
"singles_0193.jpg","singles","Raikou #061/L-P - Lightly Played","Legend","20","singles_0194.jpg"
"singles_0245.jpg","singles","Kabutops #9 - 1st Edition Holofoil - Heavily Played","Fossil","35","singles_0246.jpg"
"singles_0219.jpg","singles","Azumarill #2 - Lightly Played","Neo Genesis","20","singles_0220.jpg"
"singles_0287.jpg","singles","Hitmonchan #7 - Holofoil - Damaged","Base","6","singles_0288.jpg"
"singles_0291.jpg","singles","Poliwrath #13 - Holofoil - Damaged","Base","7","singles_0292.jpg"
"singles_0303.jpg","singles","Dark Gyarados #25 - Lightly Played","Team Rocket","12","singles_0304.jpg"
"singles_0317.jpg","singles","Kangaskhan #5 - 1st Edition Holofoil - Damaged","Jungle","6","singles_0318.jpg"
"singles_0321.jpg","singles","Erika's Vileplume No. 045 - Holofoil - Lightly Played","Gym Heroes","25","singles_0322.jpg"
"singles_0197.jpg","singles","Alolan Exeggutor ex #089/064 - Near Mint","Paradise Dragona","20","singles_0198.jpg"
"singles_0213.jpg","singles","Grusha #090/071 - Near Mint","Scarlet ex","10","singles_0214.jpg"
"singles_0223.jpg","singles","Melmetal V #47 - Near Mint","Pokémon GO","1","singles_0224.jpg"
"singles_0333.jpg","singles","Mega Diancie ex #41 - Near Mint","Phantasmal Flames","1","singles_0334.jpg"
"singles_0335.jpg","singles","Mega Diancie ex #41 - Near Mint","Phantasmal Flames","1","singles_0336.jpg"
"img426.jpg","graded","Dragonite #149 Holofoil - PSA 9","Fossil Set","750",""
"img439.jpg","graded","Tohoku's Pikachu #260/SV-P - PSA 10","Special Box PC","525",""
"img604.jpg","graded","Delta Latios #12 Mitsuhiro Arita - PSA AUTO 10","Holon Phantoms","1500",""
"img457.jpg","graded","Gyarados #6/102 Square Cut - BGS 9","Base","1000",""
"img600.jpg","graded","Tyranitar V #077/070 - CGC Perfect 10","Single Strike Master","500",""
"img601.jpg","graded","Charizard VSTAR #118/100 - CGC Perfect 10","Star Birth","750",""
"img602.jpg","graded","Koraidon ex #103/078 - CGC Perfect 10","Scarlet ex","400",""
"img476.jpg","graded","Blastoise #09 - CGC Perfect 10","Topps Chrome","2000",""
"img478.jpg","graded","Umbreon 068/092 Holofoil - CGC 8.5","The Town on No Map","1750",""
"img516.jpg","graded","Victini 265/SV-P - PSA 9","BWR Event Prize","500",""
"img452.jpg","graded","Nachtara #32/144 - PSA 9","Skyridge","450",""
"img444.jpg","graded","M Rayquaza EX #76/108 - PSA 6","Roaring Skies","100",""
"img453.jpg","graded","Guzma #056/051 - PSA 9","Darkness That Consumes Light","80",""
"img462.jpg","graded","Ampharos #1/127 - BGS 8","Platinum","70",""
"img464.jpg","graded","Yveltal #018/032 - BGS 9.5","Pokeyun Collection","50",""
"img465.jpg","graded","Sentret #022/L-P - BGS 9.5","Participation Prize","130",""
"img466.jpg","graded","Darkness Energy #XYP - BGS 9.5","Golden Present Campaign","300",""
"img467.jpg","graded","Elesa's Sparkle #246/172 - BGS 9.5","VSTAR Universe","30",""
"img469.jpg","graded","Candice #113/098 - BGS 9.5","Paradigm Trigger","40",""
"img526.jpg","graded","Galarian Zapdos #188/172 - PSA 10","VSTAR Universe","35",""
"img542.jpg","graded","Jirachi V #025/067 - PSA 10","Time Gazer","50",""
"img563.jpg","graded","Latios #070/064 - CGC Pristine 10","Paradise Dragona","50",""
"img564.jpg","graded","Galarian Zapdos #188/172 - CGC Pristine 10","VSTAR Universe","30",""
"img566.jpg","graded","Phione #071/066 - CGC Pristine 10","Crimson Haze","30",""
"img572.jpg","graded","Greninja Illustration #339/S-P - CGC Pristine 10","Illustration Contest","120",""
"img574.jpg","graded","Umbreon ex 093/187 - CGC Pristine 10","Terastal Festival","30",""
"img575.jpg","graded","Cresselia #071/064 - CGC Pristine 10","Night Wanderer","30",""
"img576.jpg","graded","Leafeon VSTAR #269/S-P - CGC Pristine 10","SWSH Promos","30",""
"img579.jpg","graded","Radiant Greninja #033/172 - CGC Pristine 10","VSTAR Universe","35",""
"img580.jpg","graded","Vaporeon #134/165 Pokeball Foil - CGC Pristine 10","151","20",""
"img582.jpg","graded","Mew #002/028 - CGC Pristine 10","Celebrations 25","90",""
"img583.jpg","graded","Blastoise #023/095 - CGC Pristine 10","Tag Bolt","35",""
"img584.jpg","graded","Umbreon #070/108 - CGC 10","Ruler of the Black Flame","30",""
"img586.jpg","graded","Charizard #012/100 - CGC 10","Amazing Volt Tackle","30",""
"img587.jpg","graded","Jirachi #034/052 - CGC 10","Dark Order","25",""
"img588.jpg","graded","Eevee #031/SV-P - CGC 10","SV Promos","30",""
"img589.jpg","graded","Gyarados #028/095 - CGC 10","Tag Bolt","30",""
"img598.jpg","graded","Poliwhirl #176/165 - CGC 10","151","40",""
"img599.jpg","graded","Vaporeon V #015/069 - CGC 10","Eevee Heroes","20",""
"img592.jpg","graded","Bulbasaur #166/165 - CGC 9","151","30",""
"img593.jpg","graded","Venusaur VMAX #002/021 - CGC 9","Venusaur VMAX Starter Set","15",""
"img596.jpg","graded","Mewtwo VSTAR #031/71 - CGC 9.5","Pokemon GO","15",""
"img475.jpg","graded","Toxtricity ex #215 - CGC 9","Illustration Contest","10",""
"img480.jpg","graded","Chansey Butterfree Vileplume #01 - CGC Pristine 10","Bandai Sealdass","200",""
"img481.jpg","graded","Arbok ex #187/165 - CGC Pristine 10","151","30",""
"img484.jpg","graded","Archaludon ex #241/191 - CGC 10","Surging Sparks","30",""
"img485.jpg","graded","Carmine #217/167 - CGC 10","Twilight Masquerade","120",""
"img486.jpg","graded","Toedscool #080/078 - CGC 9.5","Violet ex","10",""
"img490.jpg","graded","Raichu 27/144 - CGC 10","Skyridge","175",""
"img492.jpg","graded","Extra Rule #03 - CGC 10","Vending Series","70",""
"img493.jpg","graded","Drowzee Gastly Onix Poliwag #03 - CGC 9.5","Bandai Sealdass","80",""
"img494.jpg","graded","Lapras Seadra Venonant #02 - CGC 9.5","Bandai Sealdass","80",""
"img495.jpg","graded","Marshtomp #010/ADV-P - CGC 9","Shogakukan Elementary","60",""
"img496.jpg","graded","Bronzong #TG11/TG30 Error - CGC 8","Astral Radiance","30",""
"img497.jpg","graded","Slowking #019/131 Holoshift Error - CGC 8.5","Prismatic Evolutions","100",""
"img498.jpg","graded","Lightning Energy #109/109 Reverse Holofoil - CGC 10","Ruby & Sapphire","75",""
"img502.jpg","graded","Lt. Surge's Fearow #7/132 1st Edition Ink Error - CGC 6.5","Gym Heroes","125",""
"img503.jpg","graded","Cheryl 159/163 - CGC 9","Battle Styles","15",""
"img504.jpg","graded","Cynthia's Ambition #239/172 - CGC 10","VSTAR Universe","80",""
"img507.jpg","graded","Clefable #1/64 - SGC 8","Jungle Set","40",""
"img508.jpg","graded","Staryu #004/034 - AGS 10","Classic Collection","10",""
"img509.jpg","graded","Sandy Shocks ex #083/066 - AGS 10","Ancient Roar","20",""
"img511.jpg","graded","Charmeleon #002/034 - AGS 9.5","Classic Collection","15",""
"singles_0005.jpg","singles","Reshiram-EX #95 - Heavily Played","Next Destinies","70","singles_0006.jpg"
"singles_0007.jpg","singles","Bianca #147 - Heavily Played","Boundaries Crossed","100","singles_0008.jpg"
"singles_0009.jpg","singles","Fossil Researcher #110 - Near Mint","Furious Fists","60","singles_0010.jpg"
"singles_0013.jpg","singles","Escape Rope #163 - Near Mint","Burning Shadows","15","singles_0014.jpg"
"singles_0015.jpg","singles","Goldeen #20 - Masterball Foil - Near Mint","Prismatic Evolutions","5","singles_0016.jpg"
"singles_0019.jpg","singles","Dark Tyranitar #20 - Unlimited Normal - Lightly Played","Team Rocket Returns","15","singles_0020.jpg"
"singles_0021.jpg","singles","Dark Houndoom #37 - Unlimited Normal - Moderately Played","Team Rocket Returns","10","singles_0022.jpg"
"singles_0025.jpg","singles","Dark Magcargo #38 - Unlimited Normal - Lightly Played","Team Rocket Returns","3","singles_0026.jpg"
"singles_0027.jpg","singles","Dark Magneton #39 - Unlimited Normal - Lightly Played","Team Rocket Returns","2","singles_0028.jpg"
"singles_0029.jpg","singles","Dark Flaaffy #33 - Unlimited Normal - Near Mint","Team Rocket Returns","8","singles_0030.jpg"
"singles_0035.jpg","singles","Lightning Energy #109 - Reverse Holo - Near Mint","Ruby & Sapphire","8","singles_0036.jpg"
"singles_0037.jpg","singles","Lightning Energy #106 - Holofoil - Lightly Played","Power Keepers","6","singles_0038.jpg"
"singles_0039.jpg","singles","Water Energy #107 - Holofoil - Moderately Played","Holon Phantoms","5","singles_0040.jpg"
"singles_0041.jpg","singles","Water Energy #107 - Holofoil - Moderately Played","Holon Phantoms","5","singles_0042.jpg"
"singles_0043.jpg","singles","Water Energy #107 - Holofoil - Lightly Played","Holon Phantoms","7","singles_0044.jpg"
"singles_0045.jpg","singles","Fire Energy #104 - Holofoil - Lightly Played","Power Keepers","7","singles_0046.jpg"
"singles_0049.jpg","singles","Empoleon V #145 - Near Mint","Battle Styles","6","singles_0050.jpg"
"singles_0053.jpg","singles","Charizard #13 - Reverse Holo - Near Mint","Tag Bolt","12","singles_0054.jpg"
"singles_0055.jpg","singles","Eevee #100/S-P - Near Mint","Start Battle","8","singles_0056.jpg"
"singles_0057.jpg","singles","Eevee #100/S-P - Near Mint","Start Battle","8","singles_0058.jpg"
"singles_0059.jpg","singles","Poliwrath #62 - Lightly Played","Topps Chrome","10","singles_0060.jpg"
"singles_0063.jpg","singles","Venonat #48 - Lightly Played","Topps Chrome","10","singles_0064.jpg"
"singles_0069.jpg","singles","Dugtrio #51 - Lightly Played","Topps","5","singles_0070.jpg"
"singles_0071.jpg","singles","Ekans #23 - Near Mint","Topps","5","singles_0072.jpg"
"singles_0073.jpg","singles","Rapidash #078 - Near Mint","Bandai","7","singles_0074.jpg"
"singles_0075.jpg","singles","Kadabra #064 - Near Mint","Bandai","10","singles_0076.jpg"
"singles_0079.jpg","singles","Tornadus EX #230/BW-P - Near Mint","Battle Boost","25","singles_0080.jpg"
"singles_0083.jpg","singles","Terrakion #030 - Reverse Holofoil - Near Mint","Waku Waku Battle","15","singles_0084.jpg"
"singles_0085.jpg","singles","Electabuzz #095 - Reverse Holofoil - Lightly Played","Galactic Conquest","15","singles_0086.jpg"
"singles_0087.jpg","singles","Luxio #103/BW-P - Near Mint","Psycho Drive Hail Blizzard","8","singles_0088.jpg"
"singles_0089.jpg","singles","Dedenne #013/XY-P - Near Mint","XY Promos","10","singles_0090.jpg"
"singles_0091.jpg","singles","Lilligant #062/BW-P - Near Mint","Kids Special Toy","5","singles_0092.jpg"
"singles_0099.jpg","singles","Aroma Lady #081/063 - Rainbow - Near Mint","Eevee Heroes","5","singles_0100.jpg"
"singles_0101.jpg","singles","Charizard #013 - Reverse Holofoil - Near Mint","Tag Bolt","12","singles_0102.jpg"
"singles_0105.jpg","singles","Professor Birch #89 - Reverse Holo - Near Mint","Ruby & Sapphire","4","singles_0106.jpg"
"singles_0107.jpg","singles","Energy Restore #81 - Reverse Holo - Near Mint","Ruby & Sapphire","3","singles_0108.jpg"
"singles_0113.jpg","singles","Bianca's Devotion #197 - Near Mint","Temporal Forces","4","singles_0114.jpg"
"singles_0115.jpg","singles","Janine's Secret Art #88 - Near Mint","Shrouded Fable","3","singles_0116.jpg"
"singles_0117.jpg","singles","Arven's Mabostiff ex #081/063 - Near Mint","Heatwave Arena","3","singles_0118.jpg"
"singles_0119.jpg","singles","Keldeo ex #161/086 - Near Mint","White Flare","3","singles_0120.jpg"
"singles_0121.jpg","singles","Thundurus #244/190 - Near Mint","Shiny Treasure","2","singles_0122.jpg"
"singles_0125.jpg","singles","Electrike #073/063 - Near Mint","Heatwave Arena","2","singles_0126.jpg"
"singles_0129.jpg","singles","Simisear #099/086 - Near Mint","Black Bolt","10","singles_0130.jpg"
"singles_0133.jpg","singles","Joltik #108/102 - Near Mint","Stellar Miracle","4","singles_0134.jpg"
"singles_0135.jpg","singles","Raboot #106/102 - Near Mint","Stellar Miracle","3","singles_0136.jpg"
"singles_0139.jpg","singles","Houndstone 073/063 - Near Mint","Mega Symphonia","3","singles_0140.jpg"
"singles_0141.jpg","singles","Archaludon #113/102 - Near Mint","Stellar Miracle","3","singles_0142.jpg"
"singles_0143.jpg","singles","Garganacl #070/063 - Near Mint","Mega Brave","2","singles_0144.jpg"
"singles_0145.jpg","singles","Orthworm #081/071 - Near Mint","Snow Hazard","3","singles_0146.jpg"
"singles_0147.jpg","singles","Spearow #074/063 - Near Mint","Mega Brave","3","singles_0148.jpg"
"singles_0151.jpg","singles","Floragato #076/073 - Near Mint","Triple Beat","7","singles_0152.jpg"
"singles_0153.jpg","singles","Floragato #076/073 - Near Mint","Triple Beat","7","singles_0154.jpg"
"singles_0171.jpg","singles","Juggler #126 - Unlimited Normal - Near Mint","Aquapolis","2","singles_0172.jpg"
"singles_0177.jpg","singles","Kingler δ #22 - Unlimited Normal - Moderately Played","Crystal Guardians","2","singles_0178.jpg"
"singles_0181.jpg","singles","Pidgeotto δ #49 - Unlimited Normal - Moderately Played","Holon Phantoms","2","singles_0182.jpg"
"singles_0185.jpg","singles","Mareep #58 - Unlimited - Damaged","Neo Discovery","1","singles_0186.jpg"
"singles_0191.jpg","singles","Zekrom #51 - Unlimited Holofoil - Heavily Played","Legendary Treasures","2","singles_0192.jpg"
